{
  "name": "black-dashboard-angular",
  "version": "1.2.0",
  "description": "Black Dasboard Angular, a Creative Tim Desgin. Coded by Creative Tim",
  "scripts": {
    "ng": "ng",
    "start": "set NODE_OPTIONS=--openssl-legacy-provider && ng serve",
    "build": "cross-env NODE_OPTIONS=--openssl-legacy-provider CI=false ng build",
    "test": "ng test",
    "lint": "ng lint",
    "e2e": "ng e2e",
    "install:clean": "rm -rf node_modules/ && rm -rf package-lock.json && npm install && npm start"
  },
  "repository": {
    "type": "git",
    "url": "git+https://github.com/creativetimofficial/black-dashboard-angular.git"
  },
  "keywords": [
    "angular dashboard",
    "angular admin",
    "angular bootstrap admin",
    "angular bootstrap dashboard",
    "angular panel",
    "angular bootstrap template",
    "angular admin template",
    "angular free",
    "angular free dashboard",
    "angular free bootstrap dashboard",
    "free admin template",
    "angular admin",
    "angular admin panel",
    "angular dashboard",
    "angular dashboard free",
    "angular admin free",
    "angular free admin panel",
    "angular freebie",
    "angular freebie dashboard",
    "angular freebie bootstrap dashboard",
    "freebie admin template",
    "angular dashboard freebie",
    "angular admin freebie",
    "angular freebie admin panel",
    "creative tim",
    "web dashboard",
    "bootstrap 4 dashboard",
    "bootstrap 4",
    "css3 dashboard",
    "bootstrap 4 admin",
    "black dashboard bootstrap 4",
    "frontend",
    "responsive bootstrap 4 dashboard",
    "free dashboard",
    " free admin dashboard",
    "free bootstrap 4 admin dashboard"
  ],
  "author": "Creative Tim <hello@creative-tim.com> (https://www.creative-tim.com/)",
  "license": "MIT",
  "bugs": {
    "url": "https://github.com/creativetimofficial/black-dashboard-angular/issues"
  },
  "homepage": "https://demos.creative-tim.com/black-dashboard-angular/#/dashboard",
  "private": false,
  "dependencies": {
    "@angular/animations": "12.1.2",
    "@angular/cdk": "^12.2.13",
    "@angular/common": "12.1.2",
    "@angular/compiler": "12.1.2",
    "@angular/core": "12.1.2",
    "@angular/forms": "12.1.2",
    "@angular/localize": "^12.1.2",
    "@angular/material": "^12.2.13",
    "@angular/platform-browser": "12.1.2",
    "@angular/platform-browser-dynamic": "12.1.2",
    "@angular/router": "12.1.2",
    "@ng-bootstrap/ng-bootstrap": "10.0.0",
    "chart.js": "2.9.4",
    "core-js": "3.15.2",
    "ngx-toastr": "14.0.0",
    "rxjs": "^6.6.7",
    "tslib": "2.3.0",
    "zone.js": "0.11.4"
  },
  "devDependencies": {
    "@angular-devkit/build-angular": "12.1.2",
    "@angular/cli": "12.1.2",
    "@angular/compiler-cli": "12.1.2",
    "@angular/language-service": "12.1.2",
    "@types/jasmine": "3.8.1",
    "@types/jasminewd2": "2.0.10",
    "@types/node": "16.3.2",
    "codelyzer": "6.0.2",
    "cross-env": "^7.0.3",
    "jasmine-core": "3.8.0",
    "jasmine-spec-reporter": "7.0.0",
    "karma": "6.3.4",
    "karma-chrome-launcher": "3.1.0",
    "karma-coverage-istanbul-reporter": "3.0.3",
    "karma-jasmine": "4.0.1",
    "karma-jasmine-html-reporter": "1.7.0",
    "protractor": "7.0.0",
    "ts-node": "10.1.0",
    "tslint": "6.1.3",
    "typescript": "4.3.5"
  }
}
